firstname,lastname,email,age
Willetta,Wandie,Willetta.Wandie@yopmail.com,31
Jaime,Avi,Jaime.Avi@yopmail.com,28
Susette,Zenas,Susette.Zenas@yopmail.com,58
Drucie,Wadell,Drucie.Wadell@yopmail.com,52
Asia,Ovid,Asia.Ovid@yopmail.com,35
Nikki,Rebecka,Nikki.Rebecka@yopmail.com,52
Roxane,Andrel,Roxane.Andrel@yopmail.com,46
Hyacinthe,Gibbeon,Hyacinthe.Gibbeon@yopmail.com,27
Veda,Sallyann,Veda.Sallyann@yopmail.com,31
Drucie,Vanni,Drucie.Vanni@yopmail.com,43
Mahalia,Latini,Mahalia.Latini@yopmail.com,26
Emmey,Orpah,Emmey.Orpah@yopmail.com,40
Elka,Cecile,Elka.Cecile@yopmail.com,51
Constance,Morrill,Constance.Morrill@yopmail.com,20
Tonia,Jorgan,Tonia.Jorgan@yopmail.com,30
Danny,Jorgan,Danny.Jorgan@yopmail.com,36
Andree,Erskine,Andree.Erskine@yopmail.com,32
Laure,Louanna,Laure.Louanna@yopmail.com,26
Karlee,Cleo,Karlee.Cleo@yopmail.com,46
Darci,Hollingsworth,Darci.Hollingsworth@yopmail.com,54
Lacie,Pond,Lacie.Pond@yopmail.com,21
Yetty,Malina,Yetty.Malina@yopmail.com,50
Joelly,Penelopa,Joelly.Penelopa@yopmail.com,22
Lesly,Jaylene,Lesly.Jaylene@yopmail.com,30
Ellette,Percy,Ellette.Percy@yopmail.com,56
Gerianna,August,Gerianna.August@yopmail.com,58
Ellette,Bultman,Ellette.Bultman@yopmail.com,39
Binny,Trace,Binny.Trace@yopmail.com,57
Selia,Hamil,Selia.Hamil@yopmail.com,44
Linet,Peg,Linet.Peg@yopmail.com,23
Shaylyn,Kristi,Shaylyn.Kristi@yopmail.com,48
Lelah,Tybald,Lelah.Tybald@yopmail.com,48
Shannah,Miru,Shannah.Miru@yopmail.com,28
Dacia,Callista,Dacia.Callista@yopmail.com,51
Robinia,Sundin,Robinia.Sundin@yopmail.com,28
Jorry,Reneta,Jorry.Reneta@yopmail.com,41
Lucy,Roche,Lucy.Roche@yopmail.com,41
Valli,Camden,Valli.Camden@yopmail.com,21
Liana,Astra,Liana.Astra@yopmail.com,44
Darlleen,Winthorpe,Darlleen.Winthorpe@yopmail.com,38
Bobbi,Maiah,Bobbi.Maiah@yopmail.com,49
Laurene,Kunin,Laurene.Kunin@yopmail.com,55
Elise,Redmond,Elise.Redmond@yopmail.com,40
Eve,Hepsibah,Eve.Hepsibah@yopmail.com,45
Eadie,Yerkovich,Eadie.Yerkovich@yopmail.com,29
Lucy,Briney,Lucy.Briney@yopmail.com,31
Caressa,Janene,Caressa.Janene@yopmail.com,58
Elora,Ader,Elora.Ader@yopmail.com,20
Aubrie,Korey,Aubrie.Korey@yopmail.com,31
Audrie,Chem,Audrie.Chem@yopmail.com,58
Pamella,Kaja,Pamella.Kaja@yopmail.com,58
Thalia,Tippets,Thalia.Tippets@yopmail.com,32
Flo,Secrest,Flo.Secrest@yopmail.com,58
Anallese,August,Anallese.August@yopmail.com,52
Ricky,Ilka,Ricky.Ilka@yopmail.com,46
Aurore,Talia,Aurore.Talia@yopmail.com,40
Betta,Bettine,Betta.Bettine@yopmail.com,54
Therine,Dichy,Therine.Dichy@yopmail.com,23
Augustine,Yusuk,Augustine.Yusuk@yopmail.com,29
Amalie,Virgin,Amalie.Virgin@yopmail.com,59
Jean,Martsen,Jean.Martsen@yopmail.com,43
Eadie,Schonfeld,Eadie.Schonfeld@yopmail.com,22
Brynna,Penelopa,Brynna.Penelopa@yopmail.com,53
Jacenta,Jethro,Jacenta.Jethro@yopmail.com,55
Edee,Revkah,Edee.Revkah@yopmail.com,21
Hope,Janene,Hope.Janene@yopmail.com,60
Roseline,Odysseus,Roseline.Odysseus@yopmail.com,41
Jaclyn,Blisse,Jaclyn.Blisse@yopmail.com,37
Claudina,Percy,Claudina.Percy@yopmail.com,21
Arlena,Berriman,Arlena.Berriman@yopmail.com,56
Elena,Scammon,Elena.Scammon@yopmail.com,49
Jean,Olympium,Jean.Olympium@yopmail.com,57
Abbie,Destinee,Abbie.Destinee@yopmail.com,35
Jacquetta,Vacuva,Jacquetta.Vacuva@yopmail.com,23
Carolina,Phaidra,Carolina.Phaidra@yopmail.com,29
Josephine,Weitman,Josephine.Weitman@yopmail.com,55
Ariela,Wattenberg,Ariela.Wattenberg@yopmail.com,31
Sandie,Joli,Sandie.Joli@yopmail.com,54
Kirbee,Buttaro,Kirbee.Buttaro@yopmail.com,56
Ann-Marie,Koehler,Ann-Marie.Koehler@yopmail.com,40
Ulrike,Niccolo,Ulrike.Niccolo@yopmail.com,49
Jan,Harl,Jan.Harl@yopmail.com,26
Christal,Delp,Christal.Delp@yopmail.com,56
Harrietta,Campball,Harrietta.Campball@yopmail.com,51
Estell,Lindemann,Estell.Lindemann@yopmail.com,37
Wilma,Clara,Wilma.Clara@yopmail.com,48
Peri,Means,Peri.Means@yopmail.com,32
Janeczka,Carleen,Janeczka.Carleen@yopmail.com,37
Krystle,Rebecka,Krystle.Rebecka@yopmail.com,21
Kenna,Berne,Kenna.Berne@yopmail.com,52
Chandra,Riordan,Chandra.Riordan@yopmail.com,33
Cacilie,Forrer,Cacilie.Forrer@yopmail.com,49
Albertina,Lalitta,Albertina.Lalitta@yopmail.com,38
Ada,Saint,Ada.Saint@yopmail.com,36
Kate,Azeria,Kate.Azeria@yopmail.com,51
Shauna,Chobot,Shauna.Chobot@yopmail.com,53
Cathyleen,Kevon,Cathyleen.Kevon@yopmail.com,25
Ronna,Phi,Ronna.Phi@yopmail.com,25
Ada,Cloris,Ada.Cloris@yopmail.com,49
Marline,Ethban,Marline.Ethban@yopmail.com,60
Selma,Iaverne,Selma.Iaverne@yopmail.com,47
Jan,Sherfield,Jan.Sherfield@yopmail.com,43
Bertine,Bryna,Bertine.Bryna@yopmail.com,57
Annaliese,Edee,Annaliese.Edee@yopmail.com,21
Lindie,Hourigan,Lindie.Hourigan@yopmail.com,46
Phylis,Longfellow,Phylis.Longfellow@yopmail.com,36
Bill,Hortensia,Bill.Hortensia@yopmail.com,24
Katleen,Celestine,Katleen.Celestine@yopmail.com,23
Tarra,Alva,Tarra.Alva@yopmail.com,21
Amalie,Persse,Amalie.Persse@yopmail.com,55
Cindelyn,Elephus,Cindelyn.Elephus@yopmail.com,52
Fanchon,Garbe,Fanchon.Garbe@yopmail.com,33
Ofilia,Waldron,Ofilia.Waldron@yopmail.com,55
Berget,Aloise,Berget.Aloise@yopmail.com,49
Dorice,Selway,Dorice.Selway@yopmail.com,56
Angelique,Tjon,Angelique.Tjon@yopmail.com,45
Micheline,Tremayne,Micheline.Tremayne@yopmail.com,20
Merle,Bow,Merle.Bow@yopmail.com,31
Inga,Hutchison,Inga.Hutchison@yopmail.com,47
Pierette,Ochs,Pierette.Ochs@yopmail.com,24
Merci,Middleton,Merci.Middleton@yopmail.com,41
Lizzie,Read,Lizzie.Read@yopmail.com,37
Christian,Fink,Christian.Fink@yopmail.com,60
Wanda,Dermott,Wanda.Dermott@yopmail.com,54
Abbie,Sekofski,Abbie.Sekofski@yopmail.com,47
Lory,Harl,Lory.Harl@yopmail.com,30
Hope,Stefa,Hope.Stefa@yopmail.com,47
Hyacinthe,Pip,Hyacinthe.Pip@yopmail.com,54
Bee,Chrystel,Bee.Chrystel@yopmail.com,51
Melisent,Gower,Melisent.Gower@yopmail.com,40
Britni,Boehike,Britni.Boehike@yopmail.com,50
Maye,Anyah,Maye.Anyah@yopmail.com,57
Shell,Ahab,Shell.Ahab@yopmail.com,34
Ronna,Zetta,Ronna.Zetta@yopmail.com,38
Yolane,Emerson,Yolane.Emerson@yopmail.com,56
Bettine,Rosalba,Bettine.Rosalba@yopmail.com,59
Paola,Peti,Paola.Peti@yopmail.com,60
Taffy,Malvino,Taffy.Malvino@yopmail.com,50
Aubrie,Francyne,Aubrie.Francyne@yopmail.com,39
Valli,Richers,Valli.Richers@yopmail.com,32
Tori,Winnick,Tori.Winnick@yopmail.com,38
Flory,Jagir,Flory.Jagir@yopmail.com,50
Eadie,Fairweather,Eadie.Fairweather@yopmail.com,32
Lorenza,Llovera,Lorenza.Llovera@yopmail.com,34
Jan,Hachmin,Jan.Hachmin@yopmail.com,56
Bobinette,Poll,Bobinette.Poll@yopmail.com,53
Letizia,Plato,Letizia.Plato@yopmail.com,39
Celisse,Burkle,Celisse.Burkle@yopmail.com,56
Hannis,Suk,Hannis.Suk@yopmail.com,38
Selma,Gladstone,Selma.Gladstone@yopmail.com,53
Hyacinthe,Emanuel,Hyacinthe.Emanuel@yopmail.com,39
Janeczka,Schroth,Janeczka.Schroth@yopmail.com,43
Cassondra,Bohlin,Cassondra.Bohlin@yopmail.com,58
Zsa Zsa,Rese,Zsa Zsa.Rese@yopmail.com,58
Cassandra,Krystle,Cassandra.Krystle@yopmail.com,40
Courtnay,Penelopa,Courtnay.Penelopa@yopmail.com,37
Jordan,Sawtelle,Jordan.Sawtelle@yopmail.com,26
Nita,Haymes,Nita.Haymes@yopmail.com,46
Felice,Wareing,Felice.Wareing@yopmail.com,27
Florie,Desai,Florie.Desai@yopmail.com,32
Bertine,Tremayne,Bertine.Tremayne@yopmail.com,30
Basia,Marden,Basia.Marden@yopmail.com,55
Elie,Ehrman,Elie.Ehrman@yopmail.com,36
Stephanie,Morgun,Stephanie.Morgun@yopmail.com,27
Kirstin,Schroth,Kirstin.Schroth@yopmail.com,58
Kathi,Bevin,Kathi.Bevin@yopmail.com,39
Flo,Pillsbury,Flo.Pillsbury@yopmail.com,52
Lilith,Alejoa,Lilith.Alejoa@yopmail.com,30
Emelina,Tatianas,Emelina.Tatianas@yopmail.com,28
Quintina,Doig,Quintina.Doig@yopmail.com,51
Ezmeralda,Maribeth,Ezmeralda.Maribeth@yopmail.com,38
Antonietta,Solitta,Antonietta.Solitta@yopmail.com,40
Elsie,Alabaster,Elsie.Alabaster@yopmail.com,51
Tierney,Eldrid,Tierney.Eldrid@yopmail.com,58
Alexine,Brenn,Alexine.Brenn@yopmail.com,42
Tonia,Pierette,Tonia.Pierette@yopmail.com,37
Coral,Weinreb,Coral.Weinreb@yopmail.com,25
Raquela,Alejoa,Raquela.Alejoa@yopmail.com,48
Raina,Craggie,Raina.Craggie@yopmail.com,20
Gerianna,Karylin,Gerianna.Karylin@yopmail.com,58
Fred,Anderea,Fred.Anderea@yopmail.com,32
Shannah,Joachim,Shannah.Joachim@yopmail.com,60
Natka,Dalli,Natka.Dalli@yopmail.com,25
Katharina,Campball,Katharina.Campball@yopmail.com,22
Liana,Oneida,Liana.Oneida@yopmail.com,32
Calla,Graig,Calla.Graig@yopmail.com,23
Micheline,Colyer,Micheline.Colyer@yopmail.com,38
Natka,Cookie,Natka.Cookie@yopmail.com,28
Pamella,Brandice,Pamella.Brandice@yopmail.com,40
Dari,Vorster,Dari.Vorster@yopmail.com,43
Andree,Stevy,Andree.Stevy@yopmail.com,35
Goldie,Caitlin,Goldie.Caitlin@yopmail.com,41
Addia,Anton,Addia.Anton@yopmail.com,24
Donnie,Kronfeld,Donnie.Kronfeld@yopmail.com,43
Jordan,Lubin,Jordan.Lubin@yopmail.com,31
Ethel,Kussell,Ethel.Kussell@yopmail.com,20
Babita,Tatianas,Babita.Tatianas@yopmail.com,35
Lorne,Myrilla,Lorne.Myrilla@yopmail.com,38
Clary,Bakerman,Clary.Bakerman@yopmail.com,46
Dulcinea,Howlyn,Dulcinea.Howlyn@yopmail.com,41
Sheree,Lacombe,Sheree.Lacombe@yopmail.com,52
Madelle,Tiffa,Madelle.Tiffa@yopmail.com,38
Cindelyn,Ahab,Cindelyn.Ahab@yopmail.com,32
Binny,Darbie,Binny.Darbie@yopmail.com,55
Cassondra,Masao,Cassondra.Masao@yopmail.com,35
Fawne,Pierette,Fawne.Pierette@yopmail.com,45
Fayre,Kamaria,Fayre.Kamaria@yopmail.com,24
Dotty,Alarise,Dotty.Alarise@yopmail.com,21
Rosanne,Maisey,Rosanne.Maisey@yopmail.com,54
Susette,Wenoa,Susette.Wenoa@yopmail.com,58
Dacia,Grosz,Dacia.Grosz@yopmail.com,30
Marjie,Shirberg,Marjie.Shirberg@yopmail.com,22
Camile,Trey,Camile.Trey@yopmail.com,58
Angelique,Leary,Angelique.Leary@yopmail.com,37
Willetta,Ciapas,Willetta.Ciapas@yopmail.com,20
Deirdre,Alrich,Deirdre.Alrich@yopmail.com,47
Amara,Andrel,Amara.Andrel@yopmail.com,55
Maye,Shanley,Maye.Shanley@yopmail.com,27
Jere,Roumell,Jere.Roumell@yopmail.com,53
Sonni,Susannah,Sonni.Susannah@yopmail.com,30
Tierney,Salvidor,Tierney.Salvidor@yopmail.com,29
Carmela,Elbertina,Carmela.Elbertina@yopmail.com,52
Allyce,Regan,Allyce.Regan@yopmail.com,34
Cassandra,Melleta,Cassandra.Melleta@yopmail.com,33
Clo,Lewes,Clo.Lewes@yopmail.com,20
Deloria,Syd,Deloria.Syd@yopmail.com,56
Philis,Bearnard,Philis.Bearnard@yopmail.com,39
Neila,Muriel,Neila.Muriel@yopmail.com,25
Shannah,Cath,Shannah.Cath@yopmail.com,47
Jobi,Goth,Jobi.Goth@yopmail.com,45
Glynnis,Colbert,Glynnis.Colbert@yopmail.com,27
Allis,Leary,Allis.Leary@yopmail.com,23
Trixi,Ammann,Trixi.Ammann@yopmail.com,22
Cyb,Boehike,Cyb.Boehike@yopmail.com,21
Nollie,Devlen,Nollie.Devlen@yopmail.com,59
Orelia,Podvin,Orelia.Podvin@yopmail.com,37
Melodie,Delp,Melodie.Delp@yopmail.com,45
Alyssa,Larochelle,Alyssa.Larochelle@yopmail.com,37
Vinita,Dorothy,Vinita.Dorothy@yopmail.com,37
Aeriela,Etom,Aeriela.Etom@yopmail.com,41
Hannis,Roche,Hannis.Roche@yopmail.com,46
Marita,Anselmi,Marita.Anselmi@yopmail.com,21
Kellen,Ade,Kellen.Ade@yopmail.com,49
Kalina,Marlie,Kalina.Marlie@yopmail.com,48
Ricky,Nore,Ricky.Nore@yopmail.com,23
Letizia,Kaete,Letizia.Kaete@yopmail.com,29
Marleah,Kelula,Marleah.Kelula@yopmail.com,34
Luci,Saunderson,Luci.Saunderson@yopmail.com,54
Dari,Anselmi,Dari.Anselmi@yopmail.com,23
Helsa,Schalles,Helsa.Schalles@yopmail.com,47
Norine,Crudden,Norine.Crudden@yopmail.com,29
Cherilyn,Myrilla,Cherilyn.Myrilla@yopmail.com,58
Neila,Wiener,Neila.Wiener@yopmail.com,56
Neila,Lorain,Neila.Lorain@yopmail.com,38
Natka,Ade,Natka.Ade@yopmail.com,48
Selia,Holtz,Selia.Holtz@yopmail.com,31
Claresta,Henrie,Claresta.Henrie@yopmail.com,40
Marguerite,Justinn,Marguerite.Justinn@yopmail.com,49
Celestyna,Keily,Celestyna.Keily@yopmail.com,32
Tina,Taam,Tina.Taam@yopmail.com,35
Darci,Drus,Darci.Drus@yopmail.com,42
Jolyn,Jillane,Jolyn.Jillane@yopmail.com,37
Zaria,Zola,Zaria.Zola@yopmail.com,42
Rochette,Francyne,Rochette.Francyne@yopmail.com,47
Chere,Prouty,Chere.Prouty@yopmail.com,26
Veda,Jehu,Veda.Jehu@yopmail.com,38
Alleen,McCutcheon,Alleen.McCutcheon@yopmail.com,35
Annaliese,Percy,Annaliese.Percy@yopmail.com,45
Doralynne,Dermott,Doralynne.Dermott@yopmail.com,55
Kristina,Wu,Kristina.Wu@yopmail.com,50
Jacenta,Phi,Jacenta.Phi@yopmail.com,44
Janey,Darrell,Janey.Darrell@yopmail.com,43
Sue,Valerio,Sue.Valerio@yopmail.com,47
Zaria,Rebecka,Zaria.Rebecka@yopmail.com,52
Carolina,Slifka,Carolina.Slifka@yopmail.com,51
Deirdre,Faria,Deirdre.Faria@yopmail.com,33
Romona,Tjon,Romona.Tjon@yopmail.com,29
Mahalia,Wooster,Mahalia.Wooster@yopmail.com,33
Latisha,Edvard,Latisha.Edvard@yopmail.com,52
Wileen,Ventre,Wileen.Ventre@yopmail.com,60
Joceline,Abernon,Joceline.Abernon@yopmail.com,38
Wileen,Revkah,Wileen.Revkah@yopmail.com,30
Mignon,Fadiman,Mignon.Fadiman@yopmail.com,45
Dotty,Wenoa,Dotty.Wenoa@yopmail.com,37
Rhea,Wesle,Rhea.Wesle@yopmail.com,40
Nyssa,Juliet,Nyssa.Juliet@yopmail.com,32
Fawne,Euridice,Fawne.Euridice@yopmail.com,28
Joelly,Iiette,Joelly.Iiette@yopmail.com,47
Stacey,Rese,Stacey.Rese@yopmail.com,33
Jasmina,Pauly,Jasmina.Pauly@yopmail.com,46
Selia,Casimir,Selia.Casimir@yopmail.com,50
Vita,Melleta,Vita.Melleta@yopmail.com,25
Fanny,Frodi,Fanny.Frodi@yopmail.com,35
Beth,Janene,Beth.Janene@yopmail.com,29
Catrina,Henrie,Catrina.Henrie@yopmail.com,57
Lynnea,Thad,Lynnea.Thad@yopmail.com,59
Nannie,LaRue,Nannie.LaRue@yopmail.com,60
Glynnis,Tremayne,Glynnis.Tremayne@yopmail.com,28
Elvira,Pyle,Elvira.Pyle@yopmail.com,57
Fina,Toni,Fina.Toni@yopmail.com,50
Mary,Sallyann,Mary.Sallyann@yopmail.com,54
Dawn,Lasley,Dawn.Lasley@yopmail.com,45
Demetris,Tannie,Demetris.Tannie@yopmail.com,23
Annecorinne,Geffner,Annecorinne.Geffner@yopmail.com,21
Ricky,Presber,Ricky.Presber@yopmail.com,28
Rubie,Ricki,Rubie.Ricki@yopmail.com,28
Melodie,Shields,Melodie.Shields@yopmail.com,51
Misha,Arne,Misha.Arne@yopmail.com,42
Nananne,Nahum,Nananne.Nahum@yopmail.com,50
Ezmeralda,Rurik,Ezmeralda.Rurik@yopmail.com,23
Pollyanna,Richers,Pollyanna.Richers@yopmail.com,20
Mireielle,Colp,Mireielle.Colp@yopmail.com,49
Joy,Pettiford,Joy.Pettiford@yopmail.com,20
Therine,Even,Therine.Even@yopmail.com,34
Shandie,Dorothy,Shandie.Dorothy@yopmail.com,44
Emmey,Obed,Emmey.Obed@yopmail.com,50
Elvira,Ilka,Elvira.Ilka@yopmail.com,29
Basia,Ophelia,Basia.Ophelia@yopmail.com,22
Trixi,Maurine,Trixi.Maurine@yopmail.com,31
Alia,Orelee,Alia.Orelee@yopmail.com,53
Lita,Cherianne,Lita.Cherianne@yopmail.com,43
Ashlee,Penelopa,Ashlee.Penelopa@yopmail.com,50
Tabbatha,Macey,Tabbatha.Macey@yopmail.com,28
Nataline,Cordi,Nataline.Cordi@yopmail.com,47
Mureil,Rodmann,Mureil.Rodmann@yopmail.com,35
Jinny,Stelle,Jinny.Stelle@yopmail.com,22
Max,Junie,Max.Junie@yopmail.com,42
Roslyn,Erminia,Roslyn.Erminia@yopmail.com,21
Hallie,Holtz,Hallie.Holtz@yopmail.com,47
Elyssa,Voletta,Elyssa.Voletta@yopmail.com,24
Trudie,Sammons,Trudie.Sammons@yopmail.com,35
Minda,Tannie,Minda.Tannie@yopmail.com,33
Ricky,Angelis,Ricky.Angelis@yopmail.com,41
Jennica,Brunell,Jennica.Brunell@yopmail.com,24
Ruthe,Hubert,Ruthe.Hubert@yopmail.com,47
Nadine,Suk,Nadine.Suk@yopmail.com,32
Leia,Alwin,Leia.Alwin@yopmail.com,57
Ida,Cyrie,Ida.Cyrie@yopmail.com,24
Gianina,Huggins,Gianina.Huggins@yopmail.com,40
Genovera,Dunkin,Genovera.Dunkin@yopmail.com,51
Gisela,Lareena,Gisela.Lareena@yopmail.com,49
Petronia,Minetta,Petronia.Minetta@yopmail.com,48
Lucy,Nore,Lucy.Nore@yopmail.com,60
Hyacinthe,Torray,Hyacinthe.Torray@yopmail.com,60
Belva,Libna,Belva.Libna@yopmail.com,51
Fredericka,Celestine,Fredericka.Celestine@yopmail.com,55
Susette,Dearborn,Susette.Dearborn@yopmail.com,26
Elmira,Gillan,Elmira.Gillan@yopmail.com,36
Netty,Thomasina,Netty.Thomasina@yopmail.com,56
Cissiee,Lauraine,Cissiee.Lauraine@yopmail.com,42
Ermengarde,Raffo,Ermengarde.Raffo@yopmail.com,27
Evita,Corilla,Evita.Corilla@yopmail.com,42
Minda,Craggie,Minda.Craggie@yopmail.com,53
Sonni,Crudden,Sonni.Crudden@yopmail.com,20
Collen,Colp,Collen.Colp@yopmail.com,27
Mathilda,Luhe,Mathilda.Luhe@yopmail.com,20
Emmey,Eckblad,Emmey.Eckblad@yopmail.com,50
Nariko,Even,Nariko.Even@yopmail.com,41
Rori,Francene,Rori.Francene@yopmail.com,60
Viviene,Soneson,Viviene.Soneson@yopmail.com,50
Veda,Vilma,Veda.Vilma@yopmail.com,60
Britni,Ambrosia,Britni.Ambrosia@yopmail.com,51
Dennie,Cynar,Dennie.Cynar@yopmail.com,21
Aubrie,Saint,Aubrie.Saint@yopmail.com,28
Mathilda,Argus,Mathilda.Argus@yopmail.com,42
Beth,Jena,Beth.Jena@yopmail.com,38
Roseline,Radu,Roseline.Radu@yopmail.com,39
Carmencita,Isacco,Carmencita.Isacco@yopmail.com,38
Dominga,Rona,Dominga.Rona@yopmail.com,26
Laure,Bartlett,Laure.Bartlett@yopmail.com,44
Rubie,Emmy,Rubie.Emmy@yopmail.com,55
Bettine,Wildermuth,Bettine.Wildermuth@yopmail.com,20
Netty,Faso,Netty.Faso@yopmail.com,27
Sharai,Natica,Sharai.Natica@yopmail.com,34
Chloris,Linskey,Chloris.Linskey@yopmail.com,21
Marjie,Atcliffe,Marjie.Atcliffe@yopmail.com,47
Brooks,Dom,Brooks.Dom@yopmail.com,31
Neila,Trey,Neila.Trey@yopmail.com,43
Allyce,Douglass,Allyce.Douglass@yopmail.com,34
Aili,Tomasina,Aili.Tomasina@yopmail.com,35
Alexine,Edvard,Alexine.Edvard@yopmail.com,43
Lorenza,Bouchard,Lorenza.Bouchard@yopmail.com,24
Cecile,Montgomery,Cecile.Montgomery@yopmail.com,30
Nerta,Gerge,Nerta.Gerge@yopmail.com,31
Malina,Fabiola,Malina.Fabiola@yopmail.com,39
Gisela,Caitlin,Gisela.Caitlin@yopmail.com,40
Carree,Jena,Carree.Jena@yopmail.com,53
Leontine,Constancy,Leontine.Constancy@yopmail.com,33
Ezmeralda,Raffo,Ezmeralda.Raffo@yopmail.com,29
Shandie,Granoff,Shandie.Granoff@yopmail.com,32
Bobbi,Durante,Bobbi.Durante@yopmail.com,27
Cindelyn,Larochelle,Cindelyn.Larochelle@yopmail.com,30
Lindie,Moina,Lindie.Moina@yopmail.com,20
Esmeralda,Arvo,Esmeralda.Arvo@yopmail.com,52
Britni,Darian,Britni.Darian@yopmail.com,49
Joceline,Shuler,Joceline.Shuler@yopmail.com,51
Aigneis,Dichy,Aigneis.Dichy@yopmail.com,37
Brianna,Nicoline,Brianna.Nicoline@yopmail.com,27
Yolane,Phyllis,Yolane.Phyllis@yopmail.com,34
Kristina,Niccolo,Kristina.Niccolo@yopmail.com,33
Annabela,Aurelio,Annabela.Aurelio@yopmail.com,44
Keelia,Callista,Keelia.Callista@yopmail.com,44
Charmaine,Haerr,Charmaine.Haerr@yopmail.com,32
Claudina,Truc,Claudina.Truc@yopmail.com,37
Netty,Moseley,Netty.Moseley@yopmail.com,48
Valera,Terrence,Valera.Terrence@yopmail.com,20
Zsa Zsa,Arvo,Zsa Zsa.Arvo@yopmail.com,45
Maurene,Angelis,Maurene.Angelis@yopmail.com,56
Ernesta,Malvino,Ernesta.Malvino@yopmail.com,40
Lucille,Taam,Lucille.Taam@yopmail.com,21
Tersina,Alcott,Tersina.Alcott@yopmail.com,60
Berget,Ivens,Berget.Ivens@yopmail.com,34
Sharai,Arne,Sharai.Arne@yopmail.com,53
Grier,Helve,Grier.Helve@yopmail.com,41
Elbertina,Weitman,Elbertina.Weitman@yopmail.com,48
Teriann,Fink,Teriann.Fink@yopmail.com,53
Marnia,Bennie,Marnia.Bennie@yopmail.com,23
Kittie,Marcellus,Kittie.Marcellus@yopmail.com,35
Bee,Stav,Bee.Stav@yopmail.com,33
Minda,Sidonius,Minda.Sidonius@yopmail.com,28
Aryn,Eben,Aryn.Eben@yopmail.com,49
Leanna,Macey,Leanna.Macey@yopmail.com,35
June,Nance,June.Nance@yopmail.com,24
Joelly,Norvol,Joelly.Norvol@yopmail.com,26
Julieta,Evangelia,Julieta.Evangelia@yopmail.com,20
Priscilla,Rugen,Priscilla.Rugen@yopmail.com,32
Janenna,Marsden,Janenna.Marsden@yopmail.com,26
Nyssa,Gerge,Nyssa.Gerge@yopmail.com,60
Mathilda,Lindemann,Mathilda.Lindemann@yopmail.com,36
Trixi,Blisse,Trixi.Blisse@yopmail.com,58
Netty,Sancho,Netty.Sancho@yopmail.com,47
Philis,Kiersten,Philis.Kiersten@yopmail.com,30
Desirae,Merna,Desirae.Merna@yopmail.com,44
Cyb,Alarise,Cyb.Alarise@yopmail.com,24
Nita,Candy,Nita.Candy@yopmail.com,27
Lexine,Donoghue,Lexine.Donoghue@yopmail.com,47
Chastity,Francene,Chastity.Francene@yopmail.com,42
Tilly,Nester,Tilly.Nester@yopmail.com,54
Ottilie,Bakerman,Ottilie.Bakerman@yopmail.com,43
Kellen,Francene,Kellen.Francene@yopmail.com,44
Lindie,Jobi,Lindie.Jobi@yopmail.com,45
Margalo,Roarke,Margalo.Roarke@yopmail.com,31
Alisha,Darbie,Alisha.Darbie@yopmail.com,39
Genovera,Boehike,Genovera.Boehike@yopmail.com,46
Hallie,Cadmar,Hallie.Cadmar@yopmail.com,46
Madalyn,Ader,Madalyn.Ader@yopmail.com,21
Nadine,Bigner,Nadine.Bigner@yopmail.com,59
Vere,Yam,Vere.Yam@yopmail.com,40
Gabriellia,Fitzsimmons,Gabriellia.Fitzsimmons@yopmail.com,46
Calla,Jillane,Calla.Jillane@yopmail.com,36
Celene,Carey,Celene.Carey@yopmail.com,49
Addia,Hilbert,Addia.Hilbert@yopmail.com,28
Sherrie,Wenda,Sherrie.Wenda@yopmail.com,30
Jean,Raimondo,Jean.Raimondo@yopmail.com,43
Gisela,Anselmi,Gisela.Anselmi@yopmail.com,22
Helsa,Francyne,Helsa.Francyne@yopmail.com,37
Desirae,Schonfeld,Desirae.Schonfeld@yopmail.com,59
Correy,Bashemeth,Correy.Bashemeth@yopmail.com,50
Maisey,An,Maisey.An@yopmail.com,56
Dolli,Dorothy,Dolli.Dorothy@yopmail.com,33
Micheline,Vorster,Micheline.Vorster@yopmail.com,50
Celestyna,Bohlin,Celestyna.Bohlin@yopmail.com,45
Madalyn,Cleo,Madalyn.Cleo@yopmail.com,28
Elyssa,Woodberry,Elyssa.Woodberry@yopmail.com,55
Celene,Matthew,Celene.Matthew@yopmail.com,29
Jere,Cordi,Jere.Cordi@yopmail.com,58
Oralee,Evvie,Oralee.Evvie@yopmail.com,35
Madeleine,Posner,Madeleine.Posner@yopmail.com,21
Merle,Alabaster,Merle.Alabaster@yopmail.com,60
Lelah,Tomasina,Lelah.Tomasina@yopmail.com,48
Belinda,Bertold,Belinda.Bertold@yopmail.com,28
Kerrin,Bibi,Kerrin.Bibi@yopmail.com,45
Belinda,Janith,Belinda.Janith@yopmail.com,36
Calla,Lareena,Calla.Lareena@yopmail.com,36
Cristine,Erlandson,Cristine.Erlandson@yopmail.com,59
Fayre,Allare,Fayre.Allare@yopmail.com,48
Orelia,Roarke,Orelia.Roarke@yopmail.com,30
Sissy,Adlare,Sissy.Adlare@yopmail.com,41
Ardenia,Bibi,Ardenia.Bibi@yopmail.com,21
Sue,Edee,Sue.Edee@yopmail.com,47
Natka,Dominy,Natka.Dominy@yopmail.com,27
Alexine,Macey,Alexine.Macey@yopmail.com,60
Elora,Lasley,Elora.Lasley@yopmail.com,25
Miquela,Dunkin,Miquela.Dunkin@yopmail.com,21
Alia,Saint,Alia.Saint@yopmail.com,48
Melina,Levey,Melina.Levey@yopmail.com,48
Pollyanna,Thilda,Pollyanna.Thilda@yopmail.com,21
Brietta,Barney,Brietta.Barney@yopmail.com,31
Alleen,Sandye,Alleen.Sandye@yopmail.com,45
Joelly,Erb,Joelly.Erb@yopmail.com,37
Diena,Anselmi,Diena.Anselmi@yopmail.com,55
Angelique,Kendrick,Angelique.Kendrick@yopmail.com,24
Elise,Talia,Elise.Talia@yopmail.com,53
Lonnie,Natica,Lonnie.Natica@yopmail.com,20
Kristina,Delacourt,Kristina.Delacourt@yopmail.com,53
Jorry,Hathaway,Jorry.Hathaway@yopmail.com,52
Trixi,Cristi,Trixi.Cristi@yopmail.com,44
Sharai,Erb,Sharai.Erb@yopmail.com,28
Maurene,Deegan,Maurene.Deegan@yopmail.com,40
Consuela,Ogren,Consuela.Ogren@yopmail.com,33
Fina,Carolin,Fina.Carolin@yopmail.com,60
Gabi,Riordan,Gabi.Riordan@yopmail.com,50
Blinni,Donoghue,Blinni.Donoghue@yopmail.com,30
Suzette,Abram,Suzette.Abram@yopmail.com,49
Myriam,Baudin,Myriam.Baudin@yopmail.com,54
Nadine,Braun,Nadine.Braun@yopmail.com,43
Britte,Meli,Britte.Meli@yopmail.com,38
Brana,Annabella,Brana.Annabella@yopmail.com,41
Andeee,Jagir,Andeee.Jagir@yopmail.com,29
Gertrud,Grosz,Gertrud.Grosz@yopmail.com,52
Adele,Pettiford,Adele.Pettiford@yopmail.com,46
Susan,Jena,Susan.Jena@yopmail.com,60
Fayre,Florina,Fayre.Florina@yopmail.com,48
Ronna,Dex,Ronna.Dex@yopmail.com,49
Molli,Jerald,Molli.Jerald@yopmail.com,36
Gerianna,Mullane,Gerianna.Mullane@yopmail.com,34
Fawne,Dom,Fawne.Dom@yopmail.com,26
Ingrid,Cosenza,Ingrid.Cosenza@yopmail.com,43
Constance,Shirberg,Constance.Shirberg@yopmail.com,21
Georgina,Argus,Georgina.Argus@yopmail.com,38
Janenna,Fosque,Janenna.Fosque@yopmail.com,22
Frances,Flyn,Frances.Flyn@yopmail.com,42
Elora,Vale,Elora.Vale@yopmail.com,38
Danny,Adamsen,Danny.Adamsen@yopmail.com,26
Jennica,Billye,Jennica.Billye@yopmail.com,49
Adriana,Baylor,Adriana.Baylor@yopmail.com,30
Gertrud,Kimmie,Gertrud.Kimmie@yopmail.com,57
Iseabal,Kiersten,Iseabal.Kiersten@yopmail.com,41
Babita,Wesle,Babita.Wesle@yopmail.com,39
Britni,Helve,Britni.Helve@yopmail.com,46
Tamqrah,Kaete,Tamqrah.Kaete@yopmail.com,48
Hettie,Carri,Hettie.Carri@yopmail.com,45
Meghann,Hylan,Meghann.Hylan@yopmail.com,54
Kary,Wenda,Kary.Wenda@yopmail.com,59
Brynna,Tacye,Brynna.Tacye@yopmail.com,55
Dorthy,Elo,Dorthy.Elo@yopmail.com,40
Ilse,Casimir,Ilse.Casimir@yopmail.com,25
Cathyleen,Vale,Cathyleen.Vale@yopmail.com,30
Meriel,Soneson,Meriel.Soneson@yopmail.com,55
Merry,Deny,Merry.Deny@yopmail.com,21
Aili,Edvard,Aili.Edvard@yopmail.com,57
Raina,Amand,Raina.Amand@yopmail.com,44
Petronia,Noman,Petronia.Noman@yopmail.com,60
Catrina,Rustice,Catrina.Rustice@yopmail.com,42
Gaylene,Hourigan,Gaylene.Hourigan@yopmail.com,44
Jsandye,Delp,Jsandye.Delp@yopmail.com,35
Meriel,Alfons,Meriel.Alfons@yopmail.com,28
Ida,Rillings,Ida.Rillings@yopmail.com,41
Alejandra,Japeth,Alejandra.Japeth@yopmail.com,52
Sissy,Zenas,Sissy.Zenas@yopmail.com,47
Genovera,Waldron,Genovera.Waldron@yopmail.com,20
Mireielle,Christine,Mireielle.Christine@yopmail.com,44
Nannie,Dannye,Nannie.Dannye@yopmail.com,49
Yvonne,Ventre,Yvonne.Ventre@yopmail.com,20
Brandise,Doig,Brandise.Doig@yopmail.com,48
Millie,Syd,Millie.Syd@yopmail.com,39
Antonietta,Andrel,Antonietta.Andrel@yopmail.com,24
Willetta,Vanni,Willetta.Vanni@yopmail.com,41
Jere,Reneta,Jere.Reneta@yopmail.com,40
Lanae,Leonard,Lanae.Leonard@yopmail.com,34
Robbi,Bury,Robbi.Bury@yopmail.com,46
Tina,Raseda,Tina.Raseda@yopmail.com,40
Debee,Darrell,Debee.Darrell@yopmail.com,22
Aryn,Tamar,Aryn.Tamar@yopmail.com,29
Ardenia,Tengdin,Ardenia.Tengdin@yopmail.com,20
Lesly,Kaja,Lesly.Kaja@yopmail.com,36
Tina,Tice,Tina.Tice@yopmail.com,39
Helsa,Denis,Helsa.Denis@yopmail.com,33
Kathi,Mitzi,Kathi.Mitzi@yopmail.com,60
Beth,Isidore,Beth.Isidore@yopmail.com,39
Genovera,Noam,Genovera.Noam@yopmail.com,24
Halette,Koziara,Halette.Koziara@yopmail.com,48
Sharai,Parsaye,Sharai.Parsaye@yopmail.com,54
Inga,Prober,Inga.Prober@yopmail.com,28
Janey,Libna,Janey.Libna@yopmail.com,51
Berget,Abbot,Berget.Abbot@yopmail.com,39
Norine,Luhe,Norine.Luhe@yopmail.com,20
Ardys,Evvie,Ardys.Evvie@yopmail.com,48
Clarice,Anton,Clarice.Anton@yopmail.com,40
Ann-Marie,Palocz,Ann-Marie.Palocz@yopmail.com,48
Christy,Greenwald,Christy.Greenwald@yopmail.com,58
Kaja,Ulphia,Kaja.Ulphia@yopmail.com,36
Lulita,Alcott,Lulita.Alcott@yopmail.com,25
Sue,Nadia,Sue.Nadia@yopmail.com,21
Chandra,Lail,Chandra.Lail@yopmail.com,47
Marika,Turne,Marika.Turne@yopmail.com,36
Caressa,Stanwood,Caressa.Stanwood@yopmail.com,50
Bernie,Mendez,Bernie.Mendez@yopmail.com,52
Lorenza,Brotherson,Lorenza.Brotherson@yopmail.com,47
Constance,Jaylene,Constance.Jaylene@yopmail.com,34
Ardenia,Roche,Ardenia.Roche@yopmail.com,37
Michaelina,Hourigan,Michaelina.Hourigan@yopmail.com,28
Roberta,Casimir,Roberta.Casimir@yopmail.com,39
Dorthy,Lane,Dorthy.Lane@yopmail.com,51
Odessa,Clywd,Odessa.Clywd@yopmail.com,25
Averyl,Bari,Averyl.Bari@yopmail.com,25
Fidelia,Rosemary,Fidelia.Rosemary@yopmail.com,54
Ivett,Fitzsimmons,Ivett.Fitzsimmons@yopmail.com,38
Neila,Sophronia,Neila.Sophronia@yopmail.com,57
Penelopa,Bollay,Penelopa.Bollay@yopmail.com,33
Shandie,Dawkins,Shandie.Dawkins@yopmail.com,28
Halette,Gillan,Halette.Gillan@yopmail.com,47
Micheline,Kellby,Micheline.Kellby@yopmail.com,59
Hallie,Alrich,Hallie.Alrich@yopmail.com,32
Rosaline,Claudine,Rosaline.Claudine@yopmail.com,23
Sue,Ventre,Sue.Ventre@yopmail.com,37
Fredericka,Dimitris,Fredericka.Dimitris@yopmail.com,57
Viviene,Wandie,Viviene.Wandie@yopmail.com,51
Corly,Dulciana,Corly.Dulciana@yopmail.com,53
Cindelyn,Kelula,Cindelyn.Kelula@yopmail.com,60
Vere,Hieronymus,Vere.Hieronymus@yopmail.com,50
Lucille,Erb,Lucille.Erb@yopmail.com,24
Mariann,Wiener,Mariann.Wiener@yopmail.com,50
Ermengarde,Dahlia,Ermengarde.Dahlia@yopmail.com,49
Hettie,Bonucci,Hettie.Bonucci@yopmail.com,34
Alexine,Gilbertson,Alexine.Gilbertson@yopmail.com,47
Deloria,Decato,Deloria.Decato@yopmail.com,57
Frank,Brady,Frank.Brady@yopmail.com,33
Correy,Shanley,Correy.Shanley@yopmail.com,51
Deirdre,Ludewig,Deirdre.Ludewig@yopmail.com,51
Nannie,Raimondo,Nannie.Raimondo@yopmail.com,56
Romona,Thornburg,Romona.Thornburg@yopmail.com,26
Jeanna,Sandye,Jeanna.Sandye@yopmail.com,32
Roseline,Latini,Roseline.Latini@yopmail.com,37
Kelly,Mich,Kelly.Mich@yopmail.com,55
Bobinette,Garbe,Bobinette.Garbe@yopmail.com,51
Rivalee,Eiser,Rivalee.Eiser@yopmail.com,23
Bobinette,Harday,Bobinette.Harday@yopmail.com,21
Inga,Mozelle,Inga.Mozelle@yopmail.com,43
Fernande,Lareena,Fernande.Lareena@yopmail.com,20
Blake,Flita,Blake.Flita@yopmail.com,50
Berta,Chobot,Berta.Chobot@yopmail.com,37
Madalyn,Lynn,Madalyn.Lynn@yopmail.com,43
Catrina,Khorma,Catrina.Khorma@yopmail.com,30
Frank,Brandice,Frank.Brandice@yopmail.com,43
Mady,Brodench,Mady.Brodench@yopmail.com,32
Calla,Redmond,Calla.Redmond@yopmail.com,22
Gwyneth,Raffo,Gwyneth.Raffo@yopmail.com,22
Maryellen,Willie,Maryellen.Willie@yopmail.com,51
Tani,Rugen,Tani.Rugen@yopmail.com,45
Deane,Beniamino,Deane.Beniamino@yopmail.com,44
Kamilah,Radu,Kamilah.Radu@yopmail.com,35
Cherilyn,Alarise,Cherilyn.Alarise@yopmail.com,54
Elfreda,Ackerley,Elfreda.Ackerley@yopmail.com,44
Olivette,Dulciana,Olivette.Dulciana@yopmail.com,49
Meg,Larochelle,Meg.Larochelle@yopmail.com,29
Moyna,Tybald,Moyna.Tybald@yopmail.com,31
Vita,Raseda,Vita.Raseda@yopmail.com,39
Collen,Kevon,Collen.Kevon@yopmail.com,51
Louella,Garbe,Louella.Garbe@yopmail.com,50
Katuscha,Amadas,Katuscha.Amadas@yopmail.com,35
Teddie,Brotherson,Teddie.Brotherson@yopmail.com,25
Bibby,Natalia,Bibby.Natalia@yopmail.com,28
Eugine,Kat,Eugine.Kat@yopmail.com,41
Gusty,Adalbert,Gusty.Adalbert@yopmail.com,51
Cacilie,Rogerio,Cacilie.Rogerio@yopmail.com,34
Lulita,Killigrew,Lulita.Killigrew@yopmail.com,53
Raf,Claudine,Raf.Claudine@yopmail.com,21
Kate,Stacy,Kate.Stacy@yopmail.com,36
Mallory,Noman,Mallory.Noman@yopmail.com,44
Candy,Melan,Candy.Melan@yopmail.com,25
Rosabelle,Winnick,Rosabelle.Winnick@yopmail.com,37
Consuela,Kaete,Consuela.Kaete@yopmail.com,49
Brena,Wandie,Brena.Wandie@yopmail.com,57
Larine,Oster,Larine.Oster@yopmail.com,57
Robinia,Nance,Robinia.Nance@yopmail.com,49
Jessamyn,Bashemeth,Jessamyn.Bashemeth@yopmail.com,52
Nyssa,Robertson,Nyssa.Robertson@yopmail.com,20
Mary,Saree,Mary.Saree@yopmail.com,52
Margette,Herrera,Margette.Herrera@yopmail.com,55
Belinda,Kermit,Belinda.Kermit@yopmail.com,33
Susan,Campball,Susan.Campball@yopmail.com,27
Heida,Emmy,Heida.Emmy@yopmail.com,45
Nannie,Raul,Nannie.Raul@yopmail.com,45
Ilse,Muriel,Ilse.Muriel@yopmail.com,59
Luci,Orlene,Luci.Orlene@yopmail.com,28
Mireielle,Marden,Mireielle.Marden@yopmail.com,48
Amalie,Anyah,Amalie.Anyah@yopmail.com,59
Ermengarde,Wooster,Ermengarde.Wooster@yopmail.com,29
Leanna,Pascia,Leanna.Pascia@yopmail.com,56
Brooks,Pitt,Brooks.Pitt@yopmail.com,40
Fanchon,Egbert,Fanchon.Egbert@yopmail.com,33
Hollie,Ashely,Hollie.Ashely@yopmail.com,40
Layla,Evangelia,Layla.Evangelia@yopmail.com,34
Heddie,Mullane,Heddie.Mullane@yopmail.com,44
Fanchon,Newell,Fanchon.Newell@yopmail.com,54
Liana,Karl,Liana.Karl@yopmail.com,26
Tami,Berard,Tami.Berard@yopmail.com,22
Cyb,Latini,Cyb.Latini@yopmail.com,33
Berta,Adrienne,Berta.Adrienne@yopmail.com,38
Dari,Judye,Dari.Judye@yopmail.com,35
Devina,Horan,Devina.Horan@yopmail.com,22
Kary,Colbert,Kary.Colbert@yopmail.com,42
Queenie,Freddi,Queenie.Freddi@yopmail.com,30
Yvonne,Clarissa,Yvonne.Clarissa@yopmail.com,22
Claresta,Stover,Claresta.Stover@yopmail.com,47
Luci,Rossner,Luci.Rossner@yopmail.com,48
Mamie,Dahlia,Mamie.Dahlia@yopmail.com,29
Cacilie,Ortrude,Cacilie.Ortrude@yopmail.com,60
Suzette,Leler,Suzette.Leler@yopmail.com,55
Keelia,Eachern,Keelia.Eachern@yopmail.com,60
Tera,Knowling,Tera.Knowling@yopmail.com,38
Kenna,Maryanne,Kenna.Maryanne@yopmail.com,34
Alexine,Emmy,Alexine.Emmy@yopmail.com,54
Alleen,Tristram,Alleen.Tristram@yopmail.com,53
Leeanne,Leifeste,Leeanne.Leifeste@yopmail.com,38
Konstance,Jerold,Konstance.Jerold@yopmail.com,41
Viviene,Allys,Viviene.Allys@yopmail.com,44
Ann-Marie,Martsen,Ann-Marie.Martsen@yopmail.com,32
Bee,Liva,Bee.Liva@yopmail.com,59
Ardeen,Gillan,Ardeen.Gillan@yopmail.com,38
Dale,Franza,Dale.Franza@yopmail.com,50
Josephine,Heisel,Josephine.Heisel@yopmail.com,60
Kirstin,Nikaniki,Kirstin.Nikaniki@yopmail.com,49
Gwyneth,Loring,Gwyneth.Loring@yopmail.com,32
Brietta,Virgin,Brietta.Virgin@yopmail.com,36
Lelah,Primalia,Lelah.Primalia@yopmail.com,49
Constance,Amand,Constance.Amand@yopmail.com,42
Kirbee,Ingra,Kirbee.Ingra@yopmail.com,34
Aimil,Lia,Aimil.Lia@yopmail.com,51
Valli,Alisia,Valli.Alisia@yopmail.com,32
Verla,Vacuva,Verla.Vacuva@yopmail.com,23
Brynna,Ortrude,Brynna.Ortrude@yopmail.com,40
Binny,Lipson,Binny.Lipson@yopmail.com,24
Dorothy,Gilbertson,Dorothy.Gilbertson@yopmail.com,49
Shaylyn,Fontana,Shaylyn.Fontana@yopmail.com,26
Sheelagh,Tengdin,Sheelagh.Tengdin@yopmail.com,49
Rhea,Eiser,Rhea.Eiser@yopmail.com,60
Pollyanna,Hutchison,Pollyanna.Hutchison@yopmail.com,31
Kimberley,Lynn,Kimberley.Lynn@yopmail.com,46
Julieta,Halla,Julieta.Halla@yopmail.com,29
Larine,Orlene,Larine.Orlene@yopmail.com,38
Christian,Danby,Christian.Danby@yopmail.com,60
Nelle,Baudin,Nelle.Baudin@yopmail.com,43
Maurene,Kylander,Maurene.Kylander@yopmail.com,56
Clary,Othilia,Clary.Othilia@yopmail.com,27
Codie,Ferino,Codie.Ferino@yopmail.com,59
Shaine,Ioab,Shaine.Ioab@yopmail.com,44
Aigneis,Holbrook,Aigneis.Holbrook@yopmail.com,31
Fanny,Brotherson,Fanny.Brotherson@yopmail.com,44
Sissy,Engdahl,Sissy.Engdahl@yopmail.com,35
Cacilie,Curren,Cacilie.Curren@yopmail.com,34
Vanessa,Hanshaw,Vanessa.Hanshaw@yopmail.com,38
Myrtice,Zeeba,Myrtice.Zeeba@yopmail.com,38
Ellette,Skell,Ellette.Skell@yopmail.com,45
Fawne,Codding,Fawne.Codding@yopmail.com,21
Hermione,Adlare,Hermione.Adlare@yopmail.com,47
Gianina,Garek,Gianina.Garek@yopmail.com,54
Melina,Markman,Melina.Markman@yopmail.com,27
Vinita,Cosenza,Vinita.Cosenza@yopmail.com,60
Korrie,Muriel,Korrie.Muriel@yopmail.com,38
Theodora,Abram,Theodora.Abram@yopmail.com,37
Tobe,Schroth,Tobe.Schroth@yopmail.com,45
Nariko,Odysseus,Nariko.Odysseus@yopmail.com,32
Nita,Hathaway,Nita.Hathaway@yopmail.com,31
Gwyneth,Kevon,Gwyneth.Kevon@yopmail.com,37
Corina,Roche,Corina.Roche@yopmail.com,22
Courtnay,Bollay,Courtnay.Bollay@yopmail.com,44
Diena,Bonucci,Diena.Bonucci@yopmail.com,48
Jacquetta,Bevin,Jacquetta.Bevin@yopmail.com,51
Shirlee,Goddard,Shirlee.Goddard@yopmail.com,38
Heddie,Hurley,Heddie.Hurley@yopmail.com,26
Gratia,Dunkin,Gratia.Dunkin@yopmail.com,53
Viviene,Rooney,Viviene.Rooney@yopmail.com,38
Sheelagh,Behre,Sheelagh.Behre@yopmail.com,46
Wilma,Dearborn,Wilma.Dearborn@yopmail.com,52
Dolli,Stuart,Dolli.Stuart@yopmail.com,29
Lacie,Denis,Lacie.Denis@yopmail.com,52
Krystle,Zola,Krystle.Zola@yopmail.com,21
Gwenneth,Jess,Gwenneth.Jess@yopmail.com,54
Lily,Harl,Lily.Harl@yopmail.com,51
Dominga,Pattin,Dominga.Pattin@yopmail.com,40
Fred,Dorcy,Fred.Dorcy@yopmail.com,58
Deloria,Penelopa,Deloria.Penelopa@yopmail.com,31
Philis,Stephie,Philis.Stephie@yopmail.com,32
Oona,Cutlerr,Oona.Cutlerr@yopmail.com,48
Marnia,Christine,Marnia.Christine@yopmail.com,23
Elsie,Briney,Elsie.Briney@yopmail.com,21
Camile,Manolo,Camile.Manolo@yopmail.com,47
Linet,Iaverne,Linet.Iaverne@yopmail.com,20
Rebeca,Dorothy,Rebeca.Dorothy@yopmail.com,24
Cherrita,Miru,Cherrita.Miru@yopmail.com,53
Ariela,Timon,Ariela.Timon@yopmail.com,43
Edee,Grimbly,Edee.Grimbly@yopmail.com,28
Marylou,Warthman,Marylou.Warthman@yopmail.com,36
Silvana,Klemperer,Silvana.Klemperer@yopmail.com,24
Tracey,Fulmer,Tracey.Fulmer@yopmail.com,22
Rubie,Dermott,Rubie.Dermott@yopmail.com,45
Luci,Roxanna,Luci.Roxanna@yopmail.com,42
Doro,Kalinda,Doro.Kalinda@yopmail.com,33
Fayre,Boycey,Fayre.Boycey@yopmail.com,47
Camile,Michella,Camile.Michella@yopmail.com,34
Tilly,Voletta,Tilly.Voletta@yopmail.com,30
Tani,Fairweather,Tani.Fairweather@yopmail.com,50
Jolyn,Rebecka,Jolyn.Rebecka@yopmail.com,37
Jobi,Capello,Jobi.Capello@yopmail.com,35
Luci,Zola,Luci.Zola@yopmail.com,39
Florie,Anderea,Florie.Anderea@yopmail.com,25
Jolyn,Carolin,Jolyn.Carolin@yopmail.com,59
Ninnetta,Dalli,Ninnetta.Dalli@yopmail.com,33
Nariko,Graig,Nariko.Graig@yopmail.com,36
Meriel,Nea,Meriel.Nea@yopmail.com,34
Hollie,Hewitt,Hollie.Hewitt@yopmail.com,42
Letizia,Burnside,Letizia.Burnside@yopmail.com,41
Kimberley,Cecile,Kimberley.Cecile@yopmail.com,47
Edee,Haldas,Edee.Haldas@yopmail.com,44
Debee,Ricki,Debee.Ricki@yopmail.com,55
Vonny,Cohdwell,Vonny.Cohdwell@yopmail.com,20
Delilah,Crudden,Delilah.Crudden@yopmail.com,26
Clo,Sabella,Clo.Sabella@yopmail.com,29
Florie,Jacinda,Florie.Jacinda@yopmail.com,37
Kelly,Nadia,Kelly.Nadia@yopmail.com,58
Camile,Shuler,Camile.Shuler@yopmail.com,60
Agnese,Joachim,Agnese.Joachim@yopmail.com,38
Margalo,Jagir,Margalo.Jagir@yopmail.com,31
Regina,Leary,Regina.Leary@yopmail.com,29
Lexine,Yoko,Lexine.Yoko@yopmail.com,43
Fawne,Yam,Fawne.Yam@yopmail.com,60
Dyann,Imelida,Dyann.Imelida@yopmail.com,55
Kerrin,Maxi,Kerrin.Maxi@yopmail.com,57
Emma,Amand,Emma.Amand@yopmail.com,54
Lulita,Joseph,Lulita.Joseph@yopmail.com,29
Tiffie,Braun,Tiffie.Braun@yopmail.com,46
Drucie,Halsey,Drucie.Halsey@yopmail.com,23
Rivalee,Berriman,Rivalee.Berriman@yopmail.com,21
Stacey,Pearse,Stacey.Pearse@yopmail.com,26
Jemie,Marijo,Jemie.Marijo@yopmail.com,24
Molli,Azeria,Molli.Azeria@yopmail.com,54
Belinda,Valerio,Belinda.Valerio@yopmail.com,43
Amii,Cullin,Amii.Cullin@yopmail.com,45
Angelique,Lamoree,Angelique.Lamoree@yopmail.com,48
Lauryn,Velick,Lauryn.Velick@yopmail.com,49
Nadine,Sammons,Nadine.Sammons@yopmail.com,33
Tatiania,Jethro,Tatiania.Jethro@yopmail.com,58
Rosene,Si,Rosene.Si@yopmail.com,47
Rosabelle,Halla,Rosabelle.Halla@yopmail.com,53
Hallie,Pernick,Hallie.Pernick@yopmail.com,49
Sara-Ann,Ortrude,Sara-Ann.Ortrude@yopmail.com,52
Bobbi,Louanna,Bobbi.Louanna@yopmail.com,50
Danika,Truc,Danika.Truc@yopmail.com,42
Florie,Henrie,Florie.Henrie@yopmail.com,20
Farrah,Liebermann,Farrah.Liebermann@yopmail.com,56
Myrtice,Dominy,Myrtice.Dominy@yopmail.com,37
Cyndie,Willie,Cyndie.Willie@yopmail.com,27
Carree,Winthorpe,Carree.Winthorpe@yopmail.com,44
Ginnie,Atcliffe,Ginnie.Atcliffe@yopmail.com,23
Melanie,Sperling,Melanie.Sperling@yopmail.com,40
Constance,Lia,Constance.Lia@yopmail.com,44
Carly,Karl,Carly.Karl@yopmail.com,38
Kimmy,Zenas,Kimmy.Zenas@yopmail.com,43
Evaleen,Kosey,Evaleen.Kosey@yopmail.com,56
Minne,Merna,Minne.Merna@yopmail.com,38
Catharine,Monk,Catharine.Monk@yopmail.com,52
Elora,Bonucci,Elora.Bonucci@yopmail.com,29
Pamella,Corabella,Pamella.Corabella@yopmail.com,51
Elvira,Schwejda,Elvira.Schwejda@yopmail.com,57
Clarice,Afton,Clarice.Afton@yopmail.com,47
Angelique,Hourigan,Angelique.Hourigan@yopmail.com,47
Cristabel,Friede,Cristabel.Friede@yopmail.com,54
Daphne,Weide,Daphne.Weide@yopmail.com,27
Delilah,Goerke,Delilah.Goerke@yopmail.com,39
Cathyleen,Eliathas,Cathyleen.Eliathas@yopmail.com,60
Minne,Zetta,Minne.Zetta@yopmail.com,30
Olwen,Bebe,Olwen.Bebe@yopmail.com,51
Silvana,Buttaro,Silvana.Buttaro@yopmail.com,29
Nikki,Gemini,Nikki.Gemini@yopmail.com,29
Netty,Lauraine,Netty.Lauraine@yopmail.com,42
Barbi,Eiser,Barbi.Eiser@yopmail.com,20
Leanna,Melleta,Leanna.Melleta@yopmail.com,23
Maridel,Docilla,Maridel.Docilla@yopmail.com,55
Selma,Karl,Selma.Karl@yopmail.com,44
Gabi,Lumbard,Gabi.Lumbard@yopmail.com,20
Jessamyn,Knowling,Jessamyn.Knowling@yopmail.com,25
Brana,Rillings,Brana.Rillings@yopmail.com,29
Arabel,Cornelia,Arabel.Cornelia@yopmail.com,53
Cam,Bohlin,Cam.Bohlin@yopmail.com,43
Briney,Wilkinson,Briney.Wilkinson@yopmail.com,33
Sindee,Raul,Sindee.Raul@yopmail.com,28
Marline,Parette,Marline.Parette@yopmail.com,50
Frank,Felizio,Frank.Felizio@yopmail.com,31
Roxane,Hewitt,Roxane.Hewitt@yopmail.com,37
Juliane,Nisbet,Juliane.Nisbet@yopmail.com,41
Minne,Euridice,Minne.Euridice@yopmail.com,43
Angela,Peg,Angela.Peg@yopmail.com,52
Esmeralda,Bevin,Esmeralda.Bevin@yopmail.com,50
Perry,Louanna,Perry.Louanna@yopmail.com,28
Alisha,Pandolfi,Alisha.Pandolfi@yopmail.com,60
Linzy,Rad,Linzy.Rad@yopmail.com,60
Valera,Jehu,Valera.Jehu@yopmail.com,53
Stacey,Karl,Stacey.Karl@yopmail.com,38
Dorene,Schenck,Dorene.Schenck@yopmail.com,58
Nonnah,Wesle,Nonnah.Wesle@yopmail.com,22
Ginnie,Gillan,Ginnie.Gillan@yopmail.com,47
Molli,Gillan,Molli.Gillan@yopmail.com,55
Zsa Zsa,Durante,Zsa Zsa.Durante@yopmail.com,39
Rubie,Blase,Rubie.Blase@yopmail.com,52
Kellen,Allare,Kellen.Allare@yopmail.com,24
Fredericka,Phaidra,Fredericka.Phaidra@yopmail.com,46
Eve,Himelman,Eve.Himelman@yopmail.com,33
Aigneis,Carvey,Aigneis.Carvey@yopmail.com,45
Juliane,Jotham,Juliane.Jotham@yopmail.com,56
Aubrie,Gregrory,Aubrie.Gregrory@yopmail.com,38
Blinni,Jillane,Blinni.Jillane@yopmail.com,56
Gertrud,Kesley,Gertrud.Kesley@yopmail.com,22
Jackie,Jaylene,Jackie.Jaylene@yopmail.com,28
Audrie,Ardeha,Audrie.Ardeha@yopmail.com,50
Diena,Rubie,Diena.Rubie@yopmail.com,50
Josephine,Talia,Josephine.Talia@yopmail.com,31
Ricky,Center,Ricky.Center@yopmail.com,35
Barbi,Horan,Barbi.Horan@yopmail.com,26
Robbi,Means,Robbi.Means@yopmail.com,28
Cordi,Mehalek,Cordi.Mehalek@yopmail.com,58
Fawne,Holtz,Fawne.Holtz@yopmail.com,28
Latisha,Philipp,Latisha.Philipp@yopmail.com,27
Randa,Love,Randa.Love@yopmail.com,55
Anallese,Kermit,Anallese.Kermit@yopmail.com,36
Gilda,Lilas,Gilda.Lilas@yopmail.com,52
Alameda,Charmine,Alameda.Charmine@yopmail.com,50
Cyb,Ardra,Cyb.Ardra@yopmail.com,30
Livvyy,Elvyn,Livvyy.Elvyn@yopmail.com,38
Di,Percy,Di.Percy@yopmail.com,46
Jinny,Halla,Jinny.Halla@yopmail.com,32
Antonietta,Duwalt,Antonietta.Duwalt@yopmail.com,29
Ira,Sherfield,Ira.Sherfield@yopmail.com,33
Tori,Sothena,Tori.Sothena@yopmail.com,49
Belva,Dituri,Belva.Dituri@yopmail.com,24
Jordan,Tristram,Jordan.Tristram@yopmail.com,39
Raina,Gaal,Raina.Gaal@yopmail.com,35
Zaria,Germann,Zaria.Germann@yopmail.com,47
Tera,Aldric,Tera.Aldric@yopmail.com,56
Hollie,Sprage,Hollie.Sprage@yopmail.com,21
Nyssa,Kimmie,Nyssa.Kimmie@yopmail.com,31
Barbi,Claudine,Barbi.Claudine@yopmail.com,39
Dede,Modie,Dede.Modie@yopmail.com,50
Joy,Pozzy,Joy.Pozzy@yopmail.com,40
Caritta,Masao,Caritta.Masao@yopmail.com,30
Juliane,Septima,Juliane.Septima@yopmail.com,28
Collen,Robertson,Collen.Robertson@yopmail.com,53
Blake,Milson,Blake.Milson@yopmail.com,21
Cacilie,Wooster,Cacilie.Wooster@yopmail.com,23
Concettina,Schlosser,Concettina.Schlosser@yopmail.com,27
Elfreda,Bonilla,Elfreda.Bonilla@yopmail.com,57
Jany,Cristi,Jany.Cristi@yopmail.com,23
Magdalena,Chick,Magdalena.Chick@yopmail.com,44
Allyce,Chaing,Allyce.Chaing@yopmail.com,51
Paule,Bates,Paule.Bates@yopmail.com,45
Agnese,Kelula,Agnese.Kelula@yopmail.com,28
Krystle,Ulphia,Krystle.Ulphia@yopmail.com,26
Oona,Colyer,Oona.Colyer@yopmail.com,60
Lynnea,Peonir,Lynnea.Peonir@yopmail.com,52
Sindee,Si,Sindee.Si@yopmail.com,20
Joleen,Alfons,Joleen.Alfons@yopmail.com,21
Reeba,Ries,Reeba.Ries@yopmail.com,52
Sophia,Rolf,Sophia.Rolf@yopmail.com,36
Orelia,Infield,Orelia.Infield@yopmail.com,41
Rhea,Quinn,Rhea.Quinn@yopmail.com,27
Lanae,Malina,Lanae.Malina@yopmail.com,40
Gilligan,Yam,Gilligan.Yam@yopmail.com,54
Kaia,Elo,Kaia.Elo@yopmail.com,28
Lanna,Zamora,Lanna.Zamora@yopmail.com,51
Bobbi,Haerr,Bobbi.Haerr@yopmail.com,30
Gui,Korey,Gui.Korey@yopmail.com,27
Quintina,Natalia,Quintina.Natalia@yopmail.com,58
Kaia,Birdella,Kaia.Birdella@yopmail.com,28
Keelia,Orelee,Keelia.Orelee@yopmail.com,37
Nollie,Docilla,Nollie.Docilla@yopmail.com,39
Flory,Longfellow,Flory.Longfellow@yopmail.com,50
Talya,Stoller,Talya.Stoller@yopmail.com,59
Allis,Malanie,Allis.Malanie@yopmail.com,22
Jaclyn,Arathorn,Jaclyn.Arathorn@yopmail.com,55
Danny,Vale,Danny.Vale@yopmail.com,30
Brietta,Engdahl,Brietta.Engdahl@yopmail.com,23
Vevay,Cohdwell,Vevay.Cohdwell@yopmail.com,33
Karlee,Gibbeon,Karlee.Gibbeon@yopmail.com,53
Kate,Bouchard,Kate.Bouchard@yopmail.com,33
Cam,Cyrie,Cam.Cyrie@yopmail.com,58
Ethel,Havens,Ethel.Havens@yopmail.com,34
Raquela,Kare,Raquela.Kare@yopmail.com,36
Madeleine,Juan,Madeleine.Juan@yopmail.com,55
Tatiania,Johanna,Tatiania.Johanna@yopmail.com,55
Lilith,Peg,Lilith.Peg@yopmail.com,30
Fred,Natica,Fred.Natica@yopmail.com,48
Chastity,Argus,Chastity.Argus@yopmail.com,50
Brynna,Kannry,Brynna.Kannry@yopmail.com,31
Donetta,Merriott,Donetta.Merriott@yopmail.com,59
Zondra,Tufts,Zondra.Tufts@yopmail.com,35
Leanna,Rosalba,Leanna.Rosalba@yopmail.com,26
Jasmina,Cornelia,Jasmina.Cornelia@yopmail.com,40
Jan,Breed,Jan.Breed@yopmail.com,21
Christal,Andrel,Christal.Andrel@yopmail.com,38
Janeczka,Schwejda,Janeczka.Schwejda@yopmail.com,24
Nadine,Shelba,Nadine.Shelba@yopmail.com,29
Belva,Noam,Belva.Noam@yopmail.com,32
Christian,Sheng,Christian.Sheng@yopmail.com,44
Desirae,Bari,Desirae.Bari@yopmail.com,31
Ardeen,Himelman,Ardeen.Himelman@yopmail.com,51
Donnie,Eldrid,Donnie.Eldrid@yopmail.com,49
Valeda,Parsaye,Valeda.Parsaye@yopmail.com,58
Stevana,Guildroy,Stevana.Guildroy@yopmail.com,30
Genevra,Avi,Genevra.Avi@yopmail.com,21